file,model,model_identifier,provider,config,suite,sweep_dates,records,runs,reference_job_state,notes
results_llama_A.json,Llama 3 8B,meta-llama/Meta-Llama-3-8B-Instruct,DeepInfra (per sweep scripts and authors),A,main,2026-05-02 to 2026-05-03,375,5,no reference job (by design),
results_llama_A_STAR.json,Llama 3 8B,meta-llama/Meta-Llama-3-8B-Instruct,DeepInfra (per sweep scripts and authors),A*,main,2026-05-03,375,5,done,
results_llama_B.json,Llama 3 8B,meta-llama/Meta-Llama-3-8B-Instruct,DeepInfra (per sweep scripts and authors),B,main,2026-05-03,375,5,done,
results_llama_C.json,Llama 3 8B,meta-llama/Meta-Llama-3-8B-Instruct,DeepInfra (per sweep scripts and authors),C,main,2026-05-02,375,5,done,
results_llama_D.json,Llama 3 8B,meta-llama/Meta-Llama-3-8B-Instruct,DeepInfra (per sweep scripts and authors),D,main,2026-05-03,375,5,done,
results_mistral_A.json,Mistral Small 3.2 24B,mistralai/Mistral-Small-3.2-24B-Instruct-2506,DeepInfra (per sweep scripts and authors),A,main,2026-05-03,375,5,no reference job (by design),
results_mistral_A_STAR.json,Mistral Small 3.2 24B,mistralai/Mistral-Small-3.2-24B-Instruct-2506,DeepInfra (per sweep scripts and authors),A*,main,2026-05-03,375,5,queued throughout (poll timed out),
results_mistral_B.json,Mistral Small 3.2 24B,mistralai/Mistral-Small-3.2-24B-Instruct-2506,DeepInfra (per sweep scripts and authors),B,main,2026-05-03,375,5,queued throughout (poll timed out),
results_mistral_C.json,Mistral Small 3.2 24B,mistralai/Mistral-Small-3.2-24B-Instruct-2506,DeepInfra (per sweep scripts and authors),C,main,2026-05-03,375,5,queued throughout (poll timed out),
results_mistral_D.json,Mistral Small 3.2 24B,mistralai/Mistral-Small-3.2-24B-Instruct-2506,DeepInfra (per sweep scripts and authors),D,main,2026-05-03,375,5,queued throughout (poll timed out),
results_mistral_pilot_C.json,Mistral Small 3.2 24B,mistralai/Mistral-Small-3.2-24B-Instruct-2506,DeepInfra (per sweep scripts and authors),C,main,2026-05-03,75,1,queued throughout (poll timed out),"pilot: one run only, superseded by results_mistral_C.json"
results_qwen235b_B_partial.json,Qwen 3 235B-A22B,not recorded,not recorded,B,main,2026-05-03,86,2,queued throughout (poll timed out),one complete run plus 11 queries of a second
results_qwen72b_B.json,Qwen 2.5 72B,not recorded,not recorded,B,main,2026-05-03,375,5,queued throughout (poll timed out),
results_qwen_A.json,Qwen 3 32B,Qwen/Qwen3-32B,"not recorded per run (Groq during development, DeepInfra later)",A,main,2026-04-23,375,5,no reference job (by design),
results_qwen_A_STAR.json,Qwen 3 32B,Qwen/Qwen3-32B,"not recorded per run (Groq during development, DeepInfra later)",A*,main,2026-04-29,375,5,done,
results_qwen_B.json,Qwen 3 32B,Qwen/Qwen3-32B,"not recorded per run (Groq during development, DeepInfra later)",B,main,2026-04-23,375,5,done,
results_qwen_C.json,Qwen 3 32B,Qwen/Qwen3-32B,"not recorded per run (Groq during development, DeepInfra later)",C,main,2026-04-22 to 2026-04-23,375,5,done,
results_qwen_D.json,Qwen 3 32B,Qwen/Qwen3-32B,"not recorded per run (Groq during development, DeepInfra later)",D,main,2026-04-23,375,5,done,
results_verify_mistral_C.json,Mistral Small 3.2 24B,mistralai/Mistral-Small-3.2-24B-Instruct-2506,DeepInfra (pinned in eval/run_verify_all.sh),C,verification,2026-05-14,35,5,Scenario 6 submits its own job; isolated queries: queued,
results_verify_mistral_D.json,Mistral Small 3.2 24B,mistralai/Mistral-Small-3.2-24B-Instruct-2506,DeepInfra (pinned in eval/run_verify_all.sh),D,verification,2026-05-14,35,5,Scenario 6 submits its own job; isolated queries: queued,
results_verify_qwen_A.json,Qwen 3 32B,Qwen/Qwen3-32B,DeepInfra (pinned in eval/run_verify_all.sh),A,verification,2026-05-13,35,5,no reference job (by design),
results_verify_qwen_B.json,Qwen 3 32B,Qwen/Qwen3-32B,DeepInfra (pinned in eval/run_verify_all.sh),B,verification,2026-05-13,35,5,Scenario 6 submits its own job; isolated queries: done,
results_verify_qwen_C.json,Qwen 3 32B,Qwen/Qwen3-32B,DeepInfra (pinned in eval/run_verify_all.sh),C,verification,2026-05-13,35,5,Scenario 6 submits its own job; isolated queries: done,
results_verify_qwen_D.json,Qwen 3 32B,Qwen/Qwen3-32B,DeepInfra (pinned in eval/run_verify_all.sh),D,verification,2026-05-13 to 2026-05-14,35,5,Scenario 6 submits its own job; isolated queries: done,
